,Turbulences
2009-06-16,0.0
2009-06-17,57.14471673801038
2009-06-18,64.1752678318982
2009-06-19,48.08612932838908
2009-06-22,51.61461295089072
2009-06-23,42.90922551529852
2009-06-24,65.53354037331796
2009-06-25,59.773879442899016
2009-06-26,32.945893441357086
2009-06-29,29.088802809823854
2009-06-30,39.03063404993327
2009-07-01,30.286476939001822
2009-07-02,40.27280219854885
2009-07-06,52.62424588286536
2009-07-07,38.144707616954506
2009-07-08,40.233688078613206
2009-07-09,33.77915829464402
2009-07-10,23.516263027565813
2009-07-13,49.22785366807087
2009-07-14,24.08412539649388
2009-07-15,48.103808675782695
2009-07-16,99.56071608170676
2009-07-17,26.775761517430286
2009-07-20,62.69310519085909
2009-07-21,193.42335032176263
2009-07-22,61.74614591354342
2009-07-23,181.5203970425073
2009-07-24,56.22377971595918
2009-07-27,42.7083564736535
2009-07-28,34.21428401715744
2009-07-29,27.19303225946124
2009-07-30,25.46867949648457
2009-07-31,37.45231706285311
2009-08-03,38.608213507676815
2009-08-04,130.39147463214883
2009-08-05,60.15905066877996
2009-08-06,65.11831682471558
2009-08-07,30.23129622876667
2009-08-10,43.55927410777807
2009-08-11,32.925308374628784
2009-08-12,36.68057874065068
2009-08-13,30.89312272509185
2009-08-14,22.27589970042513
2009-08-17,41.19813432551769
2009-08-18,22.208373089305432
2009-08-19,20.371157664216604
2009-08-20,19.41685901065732
2009-08-21,34.90886858818829
2009-08-24,19.935016991560968
2009-08-25,25.20620003537336
2009-08-26,20.48232304993688
2009-08-27,14.878268303570517
2009-08-28,34.66841687093477
2009-08-31,14.481549340061614
2009-09-01,35.78977541626541
2009-09-02,32.86810973186729
2009-09-03,50.9312459817772
2009-09-04,11.370779414939932
2009-09-08,28.565480284075036
2009-09-09,41.641172698157575
2009-09-10,38.06229382437619
2009-09-11,70.27528065022527
2009-09-14,27.3378482061796
2009-09-15,52.523274295831136
2009-09-16,62.35473986294983
2009-09-17,85.68163535766911
2009-09-18,20.98997714354586
2009-09-21,27.459680245973043
2009-09-22,44.55222580292706
2009-09-23,33.42567341351167
2009-09-24,29.359449359629057
2009-09-25,33.76635911442895
2009-09-28,17.941895805628327
2009-09-29,26.845046660253225
2009-09-30,16.925497159402678
2009-10-01,39.07040568231504
2009-10-02,58.157959958966
2009-10-05,50.565623114545176
2009-10-06,26.223701453143075
2009-10-07,53.64097312323215
2009-10-08,39.046139819482434
2009-10-09,35.665046169672074
2009-10-12,31.456966600578827
2009-10-13,29.719777656883327
2009-10-14,41.369994933661495
2009-10-15,44.52996140036187
2009-10-16,42.77101474603848
2009-10-19,35.451781155509686
2009-10-20,80.71153823727857
2009-10-21,98.55286630941534
2009-10-22,54.8946958549409
2009-10-23,45.20920532023892
2009-10-26,25.366906961988988
2009-10-27,23.03518295780625
2009-10-28,47.59974075465243
2009-10-29,72.70680697260067
2009-10-30,16.30408801960315
2009-11-02,14.062004078202106
2009-11-03,28.851973458930463
2009-11-04,65.09067239306191
2009-11-05,28.93635771991239
2009-11-06,50.37100778064189
2009-11-09,32.89953491992547
2009-11-10,25.89529437777544
2009-11-11,51.49047084833898
2009-11-12,23.35721742477108
2009-11-13,28.178291451850065
2009-11-16,34.17590641551869
2009-11-17,21.32600692329613
2009-11-18,25.06750342963881
2009-11-19,21.253420336058543
2009-11-20,22.62796390992016
2009-11-23,23.74835610497015
2009-11-24,16.140654210966872
2009-11-25,20.397206803548645
2009-11-27,9.476436703054976
2009-11-30,41.14310865015059
2009-12-01,55.00967566330742
2009-12-02,39.98365221966184
2009-12-03,28.06984125500894
2009-12-04,28.68987427021861
2009-12-07,76.3281390045514
2009-12-08,41.04474824496858
2009-12-09,42.08718679802165
2009-12-10,55.557511521662605
2009-12-11,61.68260609933838
2009-12-14,21.933484436225903
2009-12-15,21.18502974363169
2009-12-16,51.736657206653135
2009-12-17,45.95796520214666
2009-12-18,48.17022245033891
2009-12-21,23.38000858496972
2009-12-22,15.487268288005602
2009-12-23,31.527015226907167
2009-12-24,7.206817878913468
2009-12-28,9.41333735759067
2009-12-29,11.891244978593129
2009-12-30,11.683554959108898
2009-12-31,10.204783776261127
2010-01-04,25.867669453118364
2010-01-05,45.33569474003003
2010-01-06,39.35767226398912
2010-01-07,51.696014123604094
2010-01-08,44.28379856202139
2010-01-11,69.53724496458368
2010-01-12,32.30620797336502
2010-01-13,22.47639419258012
2010-01-14,47.14134127657671
2010-01-15,23.115320201140083
2010-01-19,29.17282567241431
2010-01-20,22.642521192921794
2010-01-21,89.59332771680005
2010-01-22,27.455019188499215
2010-01-25,14.551650567507984
2010-01-26,31.380630491456508
2010-01-27,59.42340994051637
2010-01-28,183.5050558867205
2010-01-29,46.45828278338512
2010-02-01,39.670284832387495
2010-02-02,22.458573317102303
2010-02-03,32.86699074663077
2010-02-04,75.29313224430781
2010-02-05,32.9034141255897
2010-02-08,44.46190889250022
2010-02-09,72.82781210345519
2010-02-10,31.644153556908066
2010-02-11,29.829432608737243
2010-02-12,19.735920635409187
2010-02-16,18.878348756444264
2010-02-17,18.279696173727743
2010-02-18,25.251270643569168
2010-02-19,20.9882453987071
2010-02-22,18.89615314207393
2010-02-23,16.012357491938207
2010-02-24,17.768164286370915
2010-02-25,38.28584695729149
2010-02-26,28.817269027209186
2010-03-01,41.150760082024
2010-03-02,40.16603829113464
2010-03-03,19.63494198768809
2010-03-04,10.703176757087608
2010-03-05,26.72822744385361
2010-03-08,26.40552870474112
2010-03-09,19.745179995063182
2010-03-10,16.957327893700114
2010-03-11,14.835722613465702
2010-03-12,16.101284226370467
2010-03-15,16.411595043666562
2010-03-16,10.275632371852929
2010-03-17,7.462335287030211
2010-03-18,32.9342219558012
2010-03-19,17.02123540413728
2010-03-22,28.53230247284596
2010-03-23,24.76157302906978
2010-03-24,11.568102920126623
2010-03-25,28.27652203076004
2010-03-26,12.030919568595436
2010-03-29,12.773412663623493
2010-03-30,20.20967262414876
2010-03-31,15.586949235191922
2010-04-01,18.972426939523828
2010-04-05,20.71946926427441
2010-04-06,26.988719965055584
2010-04-07,22.73327960711308
2010-04-08,22.13677556662547
2010-04-09,13.095441096020703
2010-04-12,13.84390855428444
2010-04-13,22.70404555713295
2010-04-14,25.823501873005902
2010-04-15,18.96711534418988
2010-04-16,25.275389861585595
2010-04-19,20.361729279337453
2010-04-20,17.6544031576736
2010-04-21,74.3901068640571
2010-04-22,157.21097769213847
2010-04-23,49.90185759227754
2010-04-26,33.04546534865131
2010-04-27,20.742300888593505
2010-04-28,16.262905244899294
2010-04-29,51.232313715921286
2010-04-30,32.31515811493726
2010-05-03,28.929584743821252
2010-05-04,34.402704032440994
2010-05-05,44.248122968522274
2010-05-06,37.88354953079613
2010-05-07,32.962014895191665
2010-05-10,58.37090579642277
2010-05-11,26.69896417156703
2010-05-12,52.41150166397333
2010-05-13,20.77890121387104
2010-05-14,75.02938790464158
2010-05-17,18.62696409838572
2010-05-18,23.616674977228964
2010-05-19,24.8794613478516
2010-05-20,47.49271384132787
2010-05-21,49.675990742283766
2010-05-24,25.339041906884617
2010-05-25,24.267997390031194
2010-05-26,54.44867045943366
2010-05-27,49.0457492699799
2010-05-28,18.038296606894992
2010-06-01,16.52386880152048
2010-06-02,22.17494025658953
2010-06-03,21.3468428915024
2010-06-04,32.223526528438114
2010-06-07,60.75433942050599
2010-06-08,34.5676093376031
2010-06-09,17.934351713420913
2010-06-10,31.525397262082727
2010-06-11,21.48545991692607
2010-06-14,19.008935510525784
2010-06-15,26.76343000077909
2010-06-16,63.36735537240042
2010-06-17,18.08190714346193
2010-06-18,9.089770228226287
2010-06-21,31.966475733597505
2010-06-22,22.812203410408664
2010-06-23,9.309529450959888
2010-06-24,26.126899029271744
2010-06-25,50.27689825064788
2010-06-28,37.343054479233096
2010-06-29,33.980750420520785
2010-06-30,20.468151952320653
2010-07-01,32.28631511654256
2010-07-02,28.090618916055128
2010-07-06,22.96955516406994
2010-07-07,26.31483758099896
2010-07-08,63.51131256966056
2010-07-09,23.99569720583717
2010-07-12,25.95236477755679
2010-07-13,22.33944246751417
2010-07-14,15.148612353018718
2010-07-15,15.356934930141469
2010-07-16,50.58104787388727
2010-07-19,30.03071342373953
2010-07-20,82.41044245953304
2010-07-21,65.59082060413569
2010-07-22,96.49662299653752
2010-07-23,71.65199761817199
2010-07-26,33.22062189651348
2010-07-27,22.789279596133916
2010-07-28,19.155386527914768
2010-07-29,34.70970133448922
2010-07-30,30.42725963658489
2010-08-02,41.7162631031828
2010-08-03,21.42367349894666
2010-08-04,30.607566958588546
2010-08-05,14.662382557097647
2010-08-06,17.83108618914291
2010-08-09,21.70966591674988
2010-08-10,28.6875887578609
2010-08-11,53.86369537685558
2010-08-12,37.81813721758039
2010-08-13,25.697498011631755
2010-08-16,14.45022906756885
2010-08-17,47.56285385623256
2010-08-18,16.113008853815582
2010-08-19,41.50925510845431
2010-08-20,17.951729830721316
2010-08-23,21.702931002444323
2010-08-24,17.165411479008938
2010-08-25,11.39794960478343
2010-08-26,13.679609178351534
2010-08-27,16.15054798361129
2010-08-30,14.596745290756
2010-08-31,22.4124416272018
2010-09-01,32.73834473742225
2010-09-02,12.88021938326663
2010-09-03,10.191891083728208
2010-09-07,60.42046681822493
2010-09-08,32.233326942095914
2010-09-09,30.10524942973593
2010-09-10,21.291323323063995
2010-09-13,32.21883418504152
2010-09-14,35.66792733754042
2010-09-15,30.529113087382115
2010-09-16,20.67048859550917
2010-09-17,74.31093291952568
2010-09-20,10.559503352003368
2010-09-21,36.43838309894362
2010-09-22,25.780161263060243
2010-09-23,14.710813484094531
2010-09-24,26.17529885679132
2010-09-27,9.208836546065193
2010-09-28,10.060132199247697
2010-09-29,13.519258327745268
2010-09-30,15.851984993446868
2010-10-01,32.8709993260191
2010-10-04,14.770662438921274
2010-10-05,18.62305980707383
2010-10-06,17.46671925463608
2010-10-07,29.26024436708119
2010-10-08,22.45212788462814
2010-10-11,10.46397130707035
2010-10-12,32.31043701922067
2010-10-13,30.95289746041984
2010-10-14,28.819718981945268
2010-10-15,34.34375560607091
2010-10-18,31.403672705781148
2010-10-19,32.359571622340724
2010-10-20,80.79316056750774
2010-10-21,72.46084644477295
2010-10-22,90.23624022780189
2010-10-25,14.12899334771578
2010-10-26,20.173082358435146
2010-10-27,22.897099124018837
2010-10-28,19.28111237111688
2010-10-29,25.33937241787492
2010-11-01,12.577821654361648
2010-11-02,16.305788153310623
2010-11-03,24.86950815122601
2010-11-04,45.375236903296354
2010-11-05,45.42184552139896
2010-11-08,9.881076000157885
2010-11-09,15.213554091891126
2010-11-10,16.058886161051003
2010-11-11,18.61584414545904
2010-11-12,26.657496959620843
2010-11-15,14.467441176168018
2010-11-16,24.75185305807139
2010-11-17,36.41035003692133
2010-11-18,17.958430027526557
2010-11-19,14.622746741139862
2010-11-22,21.26923865235377
2010-11-23,15.479227515644888
2010-11-24,12.038222991355806
2010-11-26,7.818231198959547
2010-11-29,39.94248531160205
2010-11-30,23.975748813995207
2010-12-01,34.51258626112598
2010-12-02,61.32980760386612
2010-12-03,27.06547320266703
2010-12-06,13.549044334839952
2010-12-07,19.546335445097814
2010-12-08,24.1154918619509
2010-12-09,23.98215783473309
2010-12-10,12.197669795255072
2010-12-13,27.632706131625625
2010-12-14,28.752698147094613
2010-12-15,17.26270688828014
2010-12-16,85.61927952268734
2010-12-17,26.25725495799112
2010-12-20,5.881743682461174
2010-12-21,30.29156167615408
2010-12-22,10.618292673718749
2010-12-23,8.261905642337137
2010-12-27,13.038839172819694
2010-12-28,3.892621033856983
2010-12-29,7.0459574318910025
2010-12-30,6.970550299213919
2010-12-31,12.988364512806262
2011-01-03,33.38843300385808
2011-01-04,42.50142022793506
2011-01-05,45.07883494877344
2011-01-06,101.42216735219417
2011-01-07,19.139500362883037
2011-01-10,19.370907170274556
2011-01-11,19.71521172781773
2011-01-12,64.98638057758463
2011-01-13,77.53006390820171
2011-01-14,20.15370865255444
2011-01-18,60.953586224175766
2011-01-19,21.40709045886748
2011-01-20,51.77008206407445
2011-01-21,22.17031802939926
2011-01-24,49.11809273562574
2011-01-25,31.74724077670824
2011-01-26,26.626417344707807
2011-01-27,75.83971732236584
2011-01-28,25.076253388541165
2011-01-31,20.672573121707693
2011-02-01,29.804935018873483
2011-02-02,96.52597387210298
2011-02-03,36.23806576231775
2011-02-04,11.386623945268408
2011-02-07,22.9553298181932
2011-02-08,24.53590193704882
2011-02-09,22.192208470867268
2011-02-10,58.81071928625992
2011-02-11,54.14634852184657
2011-02-14,33.68085566898726
2011-02-15,41.95812749768503
2011-02-16,13.762596643504953
2011-02-17,38.93006963752224
2011-02-18,36.524005536638846
2011-02-22,31.292019972230456
2011-02-23,33.10312049898169
2011-02-24,7.303843564744994
2011-02-25,20.041445712492607
2011-02-28,52.32125823616349
2011-03-01,34.35078745495594
2011-03-02,26.27603212559612
2011-03-03,31.2729916247476
2011-03-04,16.67364939262295
2011-03-07,12.717734166269516
2011-03-08,41.24070163360852
2011-03-09,30.22727853201265
2011-03-10,33.28453195120965
2011-03-11,15.777624663519566
2011-03-14,22.876342178523707
2011-03-15,32.44215075695924
2011-03-16,29.171086779619657
2011-03-17,34.62117455599232
2011-03-18,20.69992250929891
2011-03-21,17.7362906349646
2011-03-22,14.167502963040556
2011-03-23,14.64908968678373
2011-03-24,28.577430623296788
2011-03-25,31.439159641461806
2011-03-28,40.243483868996
2011-03-29,25.50892387773261
2011-03-30,20.68006117194213
2011-03-31,13.626147020663632
2011-04-01,13.24493896273232
2011-04-04,21.10628903071719
2011-04-05,18.47936085678909
2011-04-06,18.027248456311973
2011-04-07,15.285170963727262
2011-04-08,16.796088537837964
2011-04-11,14.673916541892613
2011-04-12,22.62722101101943
2011-04-13,28.531821881726604
2011-04-14,20.00476527098428
2011-04-15,13.86740167334204
2011-04-18,17.201490934138175
2011-04-19,57.69580895693948
2011-04-20,57.018571195584585
2011-04-21,41.32381370360777
2011-04-25,14.88891884634522
2011-04-26,62.39610717441858
2011-04-27,15.072949639067192
2011-04-28,22.357969943732968
2011-04-29,25.618963248985214
2011-05-02,19.796808290529835
2011-05-03,30.864801282372788
2011-05-04,16.656493094603917
2011-05-05,67.16065803431135
2011-05-06,6.572840278831745
2011-05-09,15.425505804057376
2011-05-10,10.529702388515018
2011-05-11,48.918742624344695
2011-05-12,17.177746243145194
2011-05-13,42.75300937130459
2011-05-16,23.250753601438777
2011-05-17,31.018705148686077
2011-05-18,12.80517711350436
2011-05-19,16.173822037880175
2011-05-20,132.0581004946088
2011-05-23,14.96552883868045
2011-05-24,10.542565925968235
2011-05-25,24.26558792789292
2011-05-26,21.37673467043611
2011-05-27,19.34901525287114
2011-05-31,45.92931903432314
2011-06-01,23.32213520360302
2011-06-02,18.09242245772257
2011-06-03,13.804362690241708
2011-06-06,15.68336442242205
2011-06-07,14.361630840256822
2011-06-08,23.46055875895287
2011-06-09,14.10095571258906
2011-06-10,15.921339314225396
2011-06-13,18.1267750884522
2011-06-14,29.658195213955587
2011-06-15,15.38181497000258
2011-06-16,16.38514198774439
2011-06-17,12.46497834902584
2011-06-20,18.392297987797072
2011-06-21,14.049660866185771
2011-06-22,17.32881388111978
2011-06-23,65.44631039157417
2011-06-24,49.50604970747662
2011-06-27,14.760671080885418
2011-06-28,25.56186337603556
2011-06-29,91.74927855966766
2011-06-30,29.161228460449035
2011-07-01,17.946587795671665
2011-07-05,15.215527733605596
2011-07-06,15.52147791411404
2011-07-07,20.62865850966102
2011-07-08,11.816550793851787
2011-07-11,8.876575949001325
2011-07-12,12.317303230888887
2011-07-13,9.21652675667063
2011-07-14,18.63134583169812
2011-07-15,8.368445558794448
2011-07-18,9.554767929332822
2011-07-19,44.08067529497989
2011-07-20,21.473167432709843
2011-07-21,98.6300289987856
2011-07-22,62.42424538623292
2011-07-25,18.129118518338544
2011-07-26,18.34436194999109
2011-07-27,33.07086637310522
2011-07-28,27.697539212382843
2011-07-29,19.64729180508419
2011-08-01,36.06904251816597
2011-08-02,19.63650403564072
2011-08-03,116.89929582917682
2011-08-04,62.39549478741885
2011-08-05,52.12425138700542
2011-08-08,87.39903271605218
2011-08-09,95.17783150634388
2011-08-10,61.92345539541669
2011-08-11,67.04755923407974
2011-08-12,58.025824842790335
2011-08-15,57.28980313936646
2011-08-16,63.151460671425255
2011-08-17,29.8867480792837
2011-08-18,49.61854677056063
2011-08-19,40.626933792756745
2011-08-22,16.387481634105633
2011-08-23,54.12739323133343
2011-08-24,38.70779406835864
2011-08-25,38.28731160999879
2011-08-26,26.62622808832697
2011-08-29,35.44104728168346
2011-08-30,18.867279317091345
2011-08-31,19.019125391185785
2011-09-01,23.222358024427663
2011-09-02,21.237595786423075
2011-09-06,27.41085337352529
2011-09-07,51.67802361399555
2011-09-08,24.73500557358012
2011-09-09,45.338317090682
2011-09-12,25.917020195204785
2011-09-13,27.91931017847909
2011-09-14,20.98731607039893
2011-09-15,76.46018593918575
2011-09-16,40.627093028539335
2011-09-19,50.20687453403403
2011-09-20,34.45467265180506
2011-09-21,80.77662156817263
2011-09-22,67.65027857510184
2011-09-23,42.4787790483416
2011-09-26,44.18346536304223
2011-09-27,17.516961753074238
2011-09-28,27.46909707935305
2011-09-29,51.3233052441508
2011-09-30,62.49437661206606
2011-10-03,63.52994160152336
2011-10-04,87.13660653282861
2011-10-05,31.953430724116203
2011-10-06,32.34105844044026
2011-10-07,36.16762048692506
2011-10-10,28.40468641107484
2011-10-11,29.545901180598296
2011-10-12,34.87098932398384
2011-10-13,40.13740125187334
2011-10-14,24.55149721763351
2011-10-17,61.69945973107482
2011-10-18,40.151372198883
2011-10-19,47.40017417681143
2011-10-20,30.220452677159752
2011-10-21,54.93085994987352
2011-10-24,42.583136610366935
2011-10-25,139.98927558327915
2011-10-26,34.63960953997297
2011-10-27,99.3245739518481
2011-10-28,39.11853225381154
2011-10-31,32.40466778786579
2011-11-01,22.00180664260905
2011-11-02,39.22270443572706
2011-11-03,45.1057956671999
2011-11-04,19.682312758838
2011-11-07,24.21651324350429
2011-11-08,25.59345909721877
2011-11-09,31.804436901904836
2011-11-10,30.516424531483597
2011-11-11,16.261963430674378
2011-11-14,13.811112196947349
2011-11-15,22.33731738364672
2011-11-16,168.7576865057551
2011-11-17,25.197459471135048
2011-11-18,13.156088262773764
2011-11-21,60.73734874865885
2011-11-22,44.06528359837846
2011-11-23,24.45770837365017
2011-11-25,17.025466606062494
2011-11-28,34.49843925078256
2011-11-29,60.06533058614626
2011-11-30,60.61073032338328
2011-12-01,18.23356721801343
2011-12-02,40.597678673266174
2011-12-05,39.18746033905604
2011-12-06,22.734988585835787
2011-12-07,36.22556295579395
2011-12-08,29.017583537211586
2011-12-09,10.333699142274176
2011-12-12,20.57957903413199
2011-12-13,22.71953350078255
2011-12-14,58.87009307611519
2011-12-15,81.54463176883588
2011-12-16,37.29819164668044
2011-12-19,29.089672375962163
2011-12-20,23.578937360771523
2011-12-21,118.38598676979112
2011-12-22,59.623396408095424
2011-12-23,13.349635070056506
2011-12-27,14.162998319605428
2011-12-28,11.427646275159322
2011-12-29,7.772776991370116
2011-12-30,5.347947831545267
2012-01-03,41.74910751667065
2012-01-04,57.109386158646295
2012-01-05,39.621649279163
2012-01-06,33.7214662639722
2012-01-09,26.24310606918741
2012-01-10,25.824068212969653
2012-01-11,33.85086084810729
2012-01-12,10.729450420519909
2012-01-13,32.70910784086433
2012-01-17,27.713853289236926
2012-01-18,27.95802921612729
2012-01-19,69.0680216577331
2012-01-20,31.97932929546769
2012-01-23,21.95769419941668
2012-01-24,28.564122276424488
2012-01-25,35.21781746426833
2012-01-26,76.23029350130021
2012-01-27,29.635572577400684
2012-01-30,16.124250035500225
2012-01-31,19.859725419127496
2012-02-01,17.250851391278214
2012-02-02,83.58217075368272
2012-02-03,61.18294504809936
2012-02-06,16.240054981033914
2012-02-07,14.565661197226635
2012-02-08,16.28897115149352
2012-02-09,38.44131445758797
2012-02-10,16.986807685620427
2012-02-13,17.35160548048451
2012-02-14,29.24891132973979
2012-02-15,8.515107546251858
2012-02-16,15.09733559494056
2012-02-17,140.74603070545456
2012-02-21,34.38671437360481
2012-02-22,16.50038949037023
2012-02-23,26.267013728099435
2012-02-24,31.893575552017307
2012-02-27,30.59308848341951
2012-02-28,14.23356631889653
2012-02-29,20.54603127180084
2012-03-01,45.09691126406926
2012-03-02,9.286692116469116
2012-03-05,20.80184685471878
2012-03-06,14.723411297154646
2012-03-07,19.01383032869982
2012-03-08,40.9864760385353
2012-03-09,10.675626169569066
2012-03-12,12.421279458741642
2012-03-13,25.254804082591285
2012-03-14,14.310176200345854
2012-03-15,24.68997813896381
2012-03-16,18.11719850394944
2012-03-19,14.843441711717414
2012-03-20,17.222921943797036
2012-03-21,20.86552750719415
2012-03-22,19.35807387458684
2012-03-23,17.560480431312985
2012-03-26,16.581751288312223
2012-03-27,12.849809134099608
2012-03-28,29.673170235506365
2012-03-29,17.231076769122968
2012-03-30,12.316175432417417
2012-04-02,12.196289369425047
2012-04-03,17.98790117434148
2012-04-04,21.20720761899027
2012-04-05,13.434261109921172
2012-04-09,19.76410226745452
2012-04-10,20.757242817631685
2012-04-11,56.75025589221182
2012-04-12,31.0721255662
2012-04-13,27.793566924458435
2012-04-16,24.37656769122129
2012-04-17,21.52622193514759
2012-04-18,17.980992448234858
2012-04-19,190.37412096105064
2012-04-20,22.50846682703479
2012-04-23,10.850723910010954
2012-04-24,36.37863129106915
2012-04-25,43.9706060717404
2012-04-26,26.921297007785597
2012-04-27,23.052914119952163
2012-04-30,16.4831376519631
2012-05-01,8.439573228290776
2012-05-02,17.047816969237477
2012-05-03,17.317514765866605
2012-05-04,22.384379161892912
2012-05-07,20.794809672038237
2012-05-08,23.518677651433656
2012-05-09,21.56373082351345
2012-05-10,23.90534949054005
2012-05-11,36.40683915262751
2012-05-14,18.71408330163323
2012-05-15,25.684770463206675
2012-05-16,31.598498191169664
2012-05-17,48.34956768283057
2012-05-18,25.11827465135375
2012-05-21,29.48976918912788
2012-05-22,13.773365256339616
2012-05-23,17.458532000419794
2012-05-24,24.977824751732804
2012-05-25,13.489378687949618
2012-05-29,15.964013585601217
2012-05-30,21.08919515791716
2012-05-31,25.032386377274538
2012-06-01,40.2418504437084
2012-06-04,53.91666152915749
2012-06-05,23.802343064949778
2012-06-06,32.07340257381436
2012-06-07,25.155083728839895
2012-06-08,20.149436884200068
2012-06-11,22.962908017088328
2012-06-12,49.563238658664375
2012-06-13,45.60076149911392
2012-06-14,65.03471783332995
2012-06-15,18.500948378633677
2012-06-18,31.404279068881557
2012-06-19,19.20291861012112
2012-06-20,17.078718491046512
2012-06-21,31.198116585439163
2012-06-22,28.54049197661421
2012-06-25,27.88529316306908
2012-06-26,17.38839303123667
2012-06-27,33.312218093374305
2012-06-28,26.643620808406688
2012-06-29,35.239466270588906
2012-07-02,22.31425695113936
2012-07-03,31.73883761335185
2012-07-05,30.62843289826421
2012-07-06,12.90697960860888
2012-07-09,17.226210295488364
2012-07-10,21.765397974254668
2012-07-11,25.38752057220757
2012-07-12,46.02752580915497
2012-07-13,14.478739157041002
2012-07-16,23.399645139955183
2012-07-17,28.48230910491692
2012-07-18,34.28867159068312
2012-07-19,98.5819889396129
2012-07-20,153.02222540605237
2012-07-23,38.17543956669192
2012-07-24,33.47764691194388
2012-07-25,82.72196144290233
2012-07-26,46.58542447230252
2012-07-27,34.4387199689169
2012-07-30,18.225920784029334
2012-07-31,43.50064379858832
2012-08-01,29.489117973905216
2012-08-02,210.67201760573573
2012-08-03,32.3994280040157
2012-08-06,29.9815710127472
2012-08-07,36.32898160352257
2012-08-08,22.404899682474102
2012-08-09,27.23156925143861
2012-08-10,17.581817239804092
2012-08-13,15.486552004614133
2012-08-14,20.11427652847784
2012-08-15,18.764484666629
2012-08-16,25.0272428015476
2012-08-17,20.8930586764152
2012-08-20,15.415344958765369
2012-08-21,21.96125216286971
2012-08-22,17.30548232132541
2012-08-23,35.18003014772343
2012-08-24,20.84514859153896
2012-08-27,18.33633061574288
2012-08-28,15.12644422995149
2012-08-29,17.30698150320364
2012-08-30,42.89411996375775
2012-08-31,9.141557242333436
2012-09-04,32.10479779964728
2012-09-05,57.92527138708012
2012-09-06,17.397048305901095
2012-09-07,64.01767044036264
2012-09-10,13.60900271256702
2012-09-11,23.68847691316583
2012-09-12,21.243957088652365
2012-09-13,17.126171639934086
2012-09-14,41.0263320289761
2012-09-17,39.22396253911022
2012-09-18,18.64390798442681
2012-09-19,10.022107285611844
2012-09-20,13.473875644435411
2012-09-21,17.846768637569035
2012-09-24,6.239190076054249
2012-09-25,23.965024454513863
2012-09-26,11.60027599906402
2012-09-27,20.684813361361783
2012-09-28,16.795209296637413
2012-10-01,23.776472373481933
2012-10-02,22.046166294092703
2012-10-03,30.8128193040228
2012-10-04,21.209226702358205
2012-10-05,30.19722960555241
2012-10-08,53.77995506998232
2012-10-09,35.07955382772759
2012-10-10,53.25006252897844
2012-10-11,17.432533342329478
2012-10-12,19.013357853871742
2012-10-15,34.002421384633
2012-10-16,24.572315171479254
2012-10-17,30.28040866841436
2012-10-18,55.970766801504055
2012-10-19,84.96588560640105
2012-10-22,14.833259648574447
2012-10-23,18.222985696480137
2012-10-24,58.02945038938911
2012-10-25,38.90982307232663
2012-10-26,36.29373563424338
2012-10-31,51.80479915620535
2012-11-01,31.11498489835424
2012-11-02,16.418541637009216
2012-11-05,12.773164401935713
2012-11-06,23.838940221539
2012-11-07,37.15637303905317
2012-11-08,42.65324796680622
2012-11-09,12.21179128919443
2012-11-12,85.78991090658329
2012-11-13,27.494862565342583
2012-11-14,22.75599678151059
2012-11-15,20.271056400028726
2012-11-16,19.402125901279188
2012-11-19,34.37745285226419
2012-11-20,8.20173095696162
2012-11-21,30.80113922744254
2012-11-23,13.902863985171091
2012-11-26,42.16890915753718
2012-11-27,14.884713212878047
2012-11-28,8.0364286802829
2012-11-29,26.67427895491385
2012-11-30,13.877961479506329
2012-12-03,18.22596400501905
2012-12-04,78.04888415847869
2012-12-05,108.30055447645675
2012-12-06,16.855771504491106
2012-12-07,8.596921532839753
2012-12-10,24.999211501362613
2012-12-11,23.45058335706586
2012-12-12,21.93507199534936
2012-12-13,22.052456052089944
2012-12-14,25.089117185664428
2012-12-17,29.121597165914498
2012-12-18,31.914258769409624
2012-12-19,31.850774980201823
2012-12-20,30.44083578843952
2012-12-21,15.841446513767576
2012-12-24,6.077455344999208
2012-12-26,9.628453379117667
2012-12-27,5.423595135279422
2012-12-28,8.323033441296554
2012-12-31,13.032893529821855
2013-01-02,42.87414612790799
2013-01-03,31.06219290948268
2013-01-04,30.36099964891485
2013-01-07,29.598556121097094
2013-01-08,30.811208588332
2013-01-09,27.87038043343045
2013-01-10,59.516378188142674
2013-01-11,12.530350038804082
2013-01-14,12.382302417182686
2013-01-15,18.346553059872267
2013-01-16,19.420435489014302
2013-01-17,15.700790647270404
2013-01-18,43.11817541056475
2013-01-22,30.5199519484073
2013-01-23,15.55130028484228
2013-01-24,182.9394041402182
2013-01-25,37.657162146112086
2013-01-28,31.01637879628296
2013-01-29,25.506429592861508
2013-01-30,12.227400093599924
2013-01-31,25.15463728380473
2013-02-01,39.72101018546915
2013-02-04,20.91165471268509
2013-02-05,24.08338430626784
2013-02-06,31.7593283919659
2013-02-07,23.85542649940877
2013-02-08,9.784428268545582
2013-02-11,11.874321945696856
2013-02-12,28.12480887402568
2013-02-13,14.301148380818004
2013-02-14,20.220051064269235
2013-02-15,22.61367757189563
2013-02-19,34.533867318758304
2013-02-20,19.44202817284645
2013-02-21,24.35721609906408
2013-02-22,21.75446122352413
2013-02-25,33.695764468364644
2013-02-26,44.0426830896214
2013-02-27,35.63948475582207
2013-02-28,12.325919588412098
2013-03-01,17.127145989392112
2013-03-04,29.182012910718104
2013-03-05,15.040421684500918
2013-03-06,22.77698393804836
2013-03-07,16.36693665165353
2013-03-08,15.586500046099616
2013-03-11,12.481255388429748
2013-03-12,26.3817008025033
2013-03-13,23.52837641345649
2013-03-14,13.551588294669113
2013-03-15,30.950658911537342
2013-03-18,14.86960415149223
2013-03-19,36.81075954897984
2013-03-20,67.84098771918028
2013-03-21,75.96593421031017
2013-03-22,50.83013399733128
2013-03-25,16.779519559180528
2013-03-26,16.934623571080802
2013-03-27,18.58993462546973
2013-03-28,17.52983832163824
2013-04-01,21.082656579351887
2013-04-02,27.942747947487607
2013-04-03,18.66154408618926
2013-04-04,10.54650009795757
2013-04-05,13.755802810556403
2013-04-08,26.139012124176315
2013-04-09,189.48952195401577
2013-04-10,27.309638612778745
2013-04-11,22.496456217148324
2013-04-12,21.412077391299217
2013-04-15,20.77795421867754
2013-04-16,69.91458013974167
2013-04-17,29.01570020804973
2013-04-18,87.21673680083865
2013-04-19,77.52186037927898
2013-04-22,18.535595971242756
2013-04-23,82.90081799434533
2013-04-24,55.979993403135055
2013-04-25,52.244972196275874
2013-04-26,8.674833001524854
2013-04-29,15.606938632353309
2013-04-30,16.820142604359972
2013-05-01,26.858759232601408
2013-05-02,17.4849830109341
2013-05-03,23.806369560992565
2013-05-06,20.5539823601586
2013-05-07,35.841883459199074
2013-05-08,90.58357769485394
2013-05-09,21.10979978601872
2013-05-10,27.74791341446047
2013-05-13,27.058329607315663
2013-05-14,23.70353756281766
2013-05-15,29.001203404001743
2013-05-16,22.22185230693041
2013-05-17,15.228910130475692
2013-05-20,26.300152325479605
2013-05-21,40.256090389155176
2013-05-22,48.29165177574143
2013-05-23,29.24251334278785
2013-05-24,14.901409350791583
2013-05-28,19.5922456278143
2013-05-29,29.092153643854854
2013-05-30,23.37553506363736
2013-05-31,19.55674489354859
2013-06-03,36.41549806845438
2013-06-04,30.81700599583561
2013-06-05,23.43513236799002
2013-06-06,39.37332737199005
2013-06-07,34.245487556036565
2013-06-10,27.094079873139027
2013-06-11,13.477900808767805
2013-06-12,26.23644983595713
2013-06-13,17.87038857525801
2013-06-14,11.008673171222316
2013-06-17,20.39998408247917
2013-06-18,13.165575066804772
2013-06-19,28.79053328809889
2013-06-20,31.390274929946205
2013-06-21,92.44441480409468
2013-06-24,32.02321346515221
2013-06-25,27.62408936235051
2013-06-26,21.082230412336493
2013-06-27,12.351359377657197
2013-06-28,29.766432557112104
2013-07-01,26.869305318890145
2013-07-02,11.675192010946994
2013-07-03,21.559984817209784
2013-07-05,11.83441467908552
2013-07-08,16.50131902750182
2013-07-09,37.365927320196846
2013-07-10,22.27463768641888
2013-07-11,16.614196572783264
2013-07-12,29.06227893910452
2013-07-15,24.06818029215116
2013-07-16,17.032013617842267
2013-07-17,21.562521384973717
2013-07-18,60.77833048515949
2013-07-19,46.54678100094342
2013-07-22,22.552659872390528
2013-07-23,15.4328812129015
2013-07-24,41.27268784597823
2013-07-25,32.330882786372484
2013-07-26,21.01553430321297
2013-07-29,10.858164606636649
2013-07-30,11.39091349924468
2013-07-31,24.623333471847697
2013-08-01,27.58672873242564
2013-08-02,14.786993696933036
2013-08-05,13.088650256929183
2013-08-06,18.69542513926388
2013-08-07,23.031127898301897
2013-08-08,12.706682430648364
2013-08-09,14.93150635271697
2013-08-12,13.221195353698514
2013-08-13,45.68760996840235
2013-08-14,34.83483758848356
2013-08-15,27.16983294733861
2013-08-16,12.910313995073077
2013-08-19,16.1543527881605
2013-08-20,15.687851463378864
2013-08-21,12.161725420042876
2013-08-22,16.52344117052282
2013-08-23,16.171330983945726
2013-08-26,22.956529653730367
2013-08-27,16.752349716851235
2013-08-28,10.686790955257475
2013-08-29,17.394200503802676
2013-08-30,10.322100507395753
2013-09-03,161.82581031297815
2013-09-04,18.145351434750985
2013-09-05,20.364391423328478
2013-09-06,13.773233387833372
2013-09-09,25.62065673407229
2013-09-10,14.9395968657012
2013-09-11,20.22074186215985
2013-09-12,22.0426985964269
2013-09-13,11.166141958406552
2013-09-16,19.6214375057201
2013-09-17,8.292776965572413
2013-09-18,35.79260539704423
2013-09-19,14.549500598688882
2013-09-20,20.984326431696847
2013-09-23,18.537410440654504
2013-09-24,14.235142190006735
2013-09-25,13.203991173142954
2013-09-26,32.475632040639084
2013-09-27,13.01819111949866
2013-09-30,11.693013872110024
2013-10-01,14.257858565210508
2013-10-02,13.080599140451572
2013-10-03,22.49896291762371
2013-10-04,13.634112165715088
2013-10-07,11.105273089378784
2013-10-08,20.001902598089732
2013-10-09,11.693485391765558
2013-10-10,30.42476335688924
2013-10-11,53.794310415355454
2013-10-14,13.305451213217047
2013-10-15,33.46019654065108
2013-10-16,27.299542419897904
2013-10-17,36.70456440869949
2013-10-18,98.28502058329516
2013-10-21,26.699432313717683
2013-10-22,33.28371500845453
2013-10-23,40.657143533293365
2013-10-24,16.434053732265838
2013-10-25,12.893694543135195
2013-10-28,66.7817756263297
2013-10-29,38.53405086466515
2013-10-30,37.47618777375176
2013-10-31,12.628492610496854
2013-11-01,47.48319806507516
2013-11-04,21.23553718907405
2013-11-05,11.33835860133405
2013-11-06,39.17522146901519
2013-11-07,20.34548898501039
2013-11-08,58.16900936292187
2013-11-11,9.988090451967684
2013-11-12,15.78947393583642
2013-11-13,48.41792453618096
2013-11-14,15.227264884474884
2013-11-15,28.768188386248934
2013-11-18,9.471750954715286
2013-11-19,14.358483956796452
2013-11-20,15.150519451793569
2013-11-21,17.36815027987537
2013-11-22,20.56785230773376
2013-11-25,18.807249286951524
2013-11-26,15.575724516805582
2013-11-27,13.449499907478554
2013-11-29,8.691444149666916
2013-12-02,14.26566688616787
2013-12-03,13.986134641543106
2013-12-04,15.110954226832083
2013-12-05,20.849139405376956
2013-12-06,23.78614319333532
2013-12-09,12.257197699884443
2013-12-10,18.32277005542422
2013-12-11,29.937882268973155
2013-12-12,25.290447768088523
2013-12-13,17.891360333239952
2013-12-16,12.158383980091887
2013-12-17,16.060785106299644
2013-12-18,31.767881955285286
2013-12-19,45.55028226376234
2013-12-20,17.368868532993844
2013-12-23,8.786768840292368
2013-12-24,4.241842498985943
2013-12-26,8.77812683659966
2013-12-27,9.026498586437471
2013-12-30,7.199289175462165
2013-12-31,8.092672129331293
2014-01-02,15.53951753882474
2014-01-03,21.027138173017107
2014-01-06,18.858395628032955
2014-01-07,31.034517669859305
2014-01-08,26.27128216891181
2014-01-09,52.884249250357456
2014-01-10,10.287579003836116
2014-01-13,83.22280873494496
2014-01-14,10.274124507179726
2014-01-15,31.300805101120936
2014-01-16,21.14328014284926
2014-01-17,59.868147997987634
2014-01-21,34.78754297796425
2014-01-22,13.794724500148362
2014-01-23,68.82478477646033
2014-01-24,43.43601558951759
2014-01-27,58.24769914691685
2014-01-28,22.963663443411843
2014-01-29,25.79217130135008
2014-01-30,23.488691524244505
2014-01-31,77.87891557979967
2014-02-03,21.91772266082197
2014-02-04,18.77568196332096
2014-02-05,20.79026635006124
2014-02-06,21.81938876823527
2014-02-07,37.85105498071106
2014-02-10,29.81060762356608
2014-02-11,18.142205010029844
2014-02-12,16.32263437516367
2014-02-13,20.638431960992985
2014-02-14,34.8317651316089
2014-02-18,49.40906632445459
2014-02-19,54.48284499426583
2014-02-20,24.38768289877669
2014-02-21,12.15720563023252
2014-02-24,23.90406996347536
2014-02-25,39.60467517062994
2014-02-26,22.92572789421882
2014-02-27,21.621773451371908
2014-02-28,9.006700031169457
2014-03-03,10.085061524715782
2014-03-04,37.44710324354286
2014-03-05,13.66068124307557
2014-03-06,16.141654128476514
2014-03-07,12.36987544160792
2014-03-10,7.385432645968775
2014-03-11,39.61356229861988
2014-03-12,10.616174607035765
2014-03-13,11.50095274473373
2014-03-14,18.61166476730605
2014-03-17,13.491733347959205
2014-03-18,9.982764607235968
2014-03-19,50.98664669455576
2014-03-20,23.42813860934554
2014-03-21,62.27148931460696
2014-03-24,28.96421774059809
2014-03-25,40.89481980673615
2014-03-26,24.112965028366705
2014-03-27,13.784900925059464
2014-03-28,14.825544934601478
2014-03-31,33.14320674903996
2014-04-01,17.406670094388318
2014-04-02,10.88704365942586
2014-04-03,12.614256668252924
2014-04-04,25.6573398161543
2014-04-07,23.83770522181369
2014-04-08,30.902462691644867
2014-04-09,29.258514588515983
2014-04-10,39.07368325779387
2014-04-11,19.2671832060593
2014-04-14,22.79950756433168
2014-04-15,40.59379659869307
2014-04-16,14.947795740313822
2014-04-17,32.50548250366116
2014-04-21,16.477714693919328
2014-04-22,29.25508915084577
2014-04-23,39.262083761199264
2014-04-24,29.36636729977124
2014-04-25,22.65402679525817
2014-04-28,33.89246949149091
2014-04-29,43.99387072143448
2014-04-30,33.9412988565912
2014-05-01,16.673805197498236
2014-05-02,15.730352348924905
2014-05-05,16.491545549752047
2014-05-06,22.36197313870356
2014-05-07,142.94757111544374
2014-05-08,10.925367211958418
2014-05-09,10.923960813229863
2014-05-12,11.982886750250946
2014-05-13,11.788527676609537
2014-05-14,9.443193900838216
2014-05-15,40.24386004391288
2014-05-16,16.97555334355146
2014-05-19,12.428187274330076
2014-05-20,21.208571865595143
2014-05-21,12.507896507848114
2014-05-22,9.752721954202489
2014-05-23,7.424214657816689
2014-05-27,9.071477199293524
2014-05-28,10.245964469569053
2014-05-29,13.955231885398732
2014-05-30,9.036410894050766
2014-06-02,9.46173924638792
2014-06-03,10.58051133454398
2014-06-04,16.469157838836786
2014-06-05,11.914182817033454
2014-06-06,9.628451167327668
2014-06-09,12.58501486112832
2014-06-10,12.028263893530529
2014-06-11,15.525459706289247
2014-06-12,15.729385421209528
2014-06-13,4.884404497855439
2014-06-16,10.53022811817948
2014-06-17,13.048446877623029
2014-06-18,36.14532691958061
2014-06-19,10.818283187686571
2014-06-20,42.17448337586731
2014-06-23,12.44841049448276
2014-06-24,13.249170915919589
2014-06-25,12.739349478539069
2014-06-26,4.576556191890561
2014-06-27,11.565315618542533
2014-06-30,18.60685108755964
2014-07-01,16.597145548750284
2014-07-02,13.72971261455313
2014-07-03,4.852959474600518
2014-07-07,14.14352849150636
2014-07-08,7.423573342976737
2014-07-09,9.905240953052294
2014-07-10,13.76803839714089
2014-07-11,14.12973772792092
2014-07-14,11.13684149024238
2014-07-15,18.825346917927146
2014-07-16,16.082841321985274
2014-07-17,16.060868152229265
2014-07-18,22.945473730269985
2014-07-21,5.985843794823624
2014-07-22,88.44349467720961
2014-07-23,36.20255917106036
2014-07-24,54.304507122945424
2014-07-25,9.504452819541918
2014-07-28,12.411887786902597
2014-07-29,18.079974670827127
2014-07-30,17.918692627606692
2014-07-31,17.531533809665902
2014-08-01,13.360114374950683
2014-08-04,10.413476888983425
2014-08-05,8.203660075797723
2014-08-06,26.71747844117767
2014-08-07,14.528494866363507
2014-08-08,36.02990103350153
2014-08-11,10.97257574082715
2014-08-12,5.6930483076055785
2014-08-13,25.78824989944202
2014-08-14,10.136918172001195
2014-08-15,17.91579165689461
2014-08-18,10.154637690834727
2014-08-19,36.48992140140973
2014-08-20,18.879151465734648
2014-08-21,17.167769625239902
2014-08-22,18.152561342579407
2014-08-25,13.081872088749764
2014-08-26,7.873386286984583
2014-08-27,5.268916047693302
2014-08-28,5.097519001107498
2014-08-29,6.836441084256206
2014-09-02,17.526270376414452
2014-09-03,17.796090269082875
2014-09-04,10.154333779158756
2014-09-05,22.272082495928046
2014-09-08,7.63504490281212
2014-09-09,17.227684893083527
2014-09-10,20.15124348240277
2014-09-11,7.501966537997569
2014-09-12,19.95292699527437
2014-09-15,13.061617928141091
2014-09-16,13.77239168218371
2014-09-17,17.886887085254855
2014-09-18,7.734488633231148
2014-09-19,20.68199736669685
2014-09-22,9.563667441107482
2014-09-23,8.042143757458593
2014-09-24,10.799362545068742
2014-09-25,6.788777808849564
2014-09-26,16.262815693758494
2014-09-29,15.371087660592956
2014-09-30,42.19665877869144
